start_transaction,input_wallet,chain_length,peeling_transactions,detected,start_time,end_time
602dbbb448534fcf876dd8a4e068ad12,32fb8f09cb8734b3a9023c13354c794,6,6,1,2026-06-01 13:14:47+00:00,2026-06-01 15:14:47+00:00
74c58244919643dcb9ffd214c7b7cc15,359cd94801e6e40cd8a9b6f706054b1,5,5,1,2026-06-01 13:24:47+00:00,2026-06-01 15:14:47+00:00
55a024f858de4aa6a35aba59c9db3e86,bc1q7130f70796754ee68e56d91bfb459b,4,4,1,2026-06-01 13:46:47+00:00,2026-06-01 15:14:47+00:00
c90bea22f8a54fbc8d4d3972fa05b95c,bc1qae99c5c0bbe3454a8213f7f3f63bf6,3,3,1,2026-06-01 14:25:47+00:00,2026-06-01 15:14:47+00:00
ffb57e8ba70c46b9a1e3ca16027812d1,355bc82cbbb1d451597cd2624280e74,2,2,1,2026-06-01 14:51:47+00:00,2026-06-01 15:14:47+00:00
b9bb544599604cfdafce5d0e3e955dac,bc1q1dba5fa06a3649e5adb2738fa576d0,9,9,1,2026-06-23 05:21:03+00:00,2026-06-23 09:00:03+00:00
c561d092c5c441b8b81f3a55b7e36213,152eb0ae516044f54aeb1c640ef45f5,8,8,1,2026-06-23 05:30:03+00:00,2026-06-23 09:00:03+00:00
16a9cafb1d6c4146b697a7f90f60262c,bc1qa0d043e5b883412b81399224755ea9,7,7,1,2026-06-23 06:12:03+00:00,2026-06-23 09:00:03+00:00
d4661661ad064e4ba8dbc88b74802d7c,bc1q2222db3e65bb40dc87f1e9a86b8ab5,6,6,1,2026-06-23 06:39:03+00:00,2026-06-23 09:00:03+00:00
424234b66aab4a84bc9b0b496ccc6c83,bc1q9c839a93105a40d0a8a0e74d9d1250,5,5,1,2026-06-23 07:01:03+00:00,2026-06-23 09:00:03+00:00
d7a86259b47f41e397f8191b1fd45448,3207e33f8e0384436bc3dd82ed20691,4,4,1,2026-06-23 07:37:03+00:00,2026-06-23 09:00:03+00:00
7bb00c43a2034106839070f716e7dbfd,1671bed9d610947b4978cf77d58705e,3,3,1,2026-06-23 08:11:03+00:00,2026-06-23 09:00:03+00:00
fa37dbaa37ae405e9548bfdc06b33093,3cf47d642ff514fc0af1bfb080a1d0c,2,2,1,2026-06-23 08:43:03+00:00,2026-06-23 09:00:03+00:00
3cd009f5ae1f46bf980e648557171b17,35f5e05badef84653b2d94cfcd4e019,9,9,1,2026-07-09 02:17:44+00:00,2026-07-09 05:55:44+00:00
b19ffb0cd70b45a3bc6e19feb55ac1fd,3085b8717f4124c759b8547f68b146e,8,8,1,2026-07-09 03:01:44+00:00,2026-07-09 05:55:44+00:00
c40f2de00bdc44a88a55e47f76b1e7ba,bc1qb95765dfe97f4ad38a566cd81337f5,7,7,1,2026-07-09 03:31:44+00:00,2026-07-09 05:55:44+00:00
f61775c2b683426a8eebff4f39a37ed4,17a6bc2f2ccc5493abe7af1004660a9,6,6,1,2026-07-09 03:48:44+00:00,2026-07-09 05:55:44+00:00
a8ce7e165add4a539d52276a289489dc,13de40a7b3dee4205b74494e62b5839,5,5,1,2026-07-09 04:20:44+00:00,2026-07-09 05:55:44+00:00
571f7edc63574841b90dd33c5fb4e6c5,30fb43c9df13b4eb38aee6f7db3b060,4,4,1,2026-07-09 04:57:44+00:00,2026-07-09 05:55:44+00:00
c4ac40c12b054745a8fc0c6f7ba87187,bc1q9e1f2244560a4132bf1762aa3bb0e2,3,3,1,2026-07-09 05:13:44+00:00,2026-07-09 05:55:44+00:00
e460f93859dd4ce0b14946e70ef7f293,3e690b56510884ca4b4c7df8f75d56a,2,2,1,2026-07-09 05:33:44+00:00,2026-07-09 05:55:44+00:00
f615a444e41f4121989e25f80029e1f1,bc1q60ddb59d7e854b1aaecf6b40e39e70,6,6,1,2026-07-10 04:04:58+00:00,2026-07-10 06:22:58+00:00
7e4f4f8d4f2440ec995279d7d491b966,1a2bc770f8901467780352ebc3752f1,5,5,1,2026-07-10 04:35:58+00:00,2026-07-10 06:22:58+00:00
43e652aa9acc4ecca5db0e10bfd7d145,37d10b697c36c4ccd91ca7f7370bc5e,4,4,1,2026-07-10 05:00:58+00:00,2026-07-10 06:22:58+00:00
9475c39cbacb412d8b3a6ac5564edb0b,1214d29b42a2c48848a10e2bbc7be94,3,3,1,2026-07-10 05:09:58+00:00,2026-07-10 06:22:58+00:00
d0eb9864524a42d4b0f5c986e10a230e,30e730c4c094642058152dc4ce1915d,2,2,1,2026-07-10 05:47:58+00:00,2026-07-10 06:22:58+00:00
4b0c457ffbde4a8c8328ee99ac53b3e9,10ff362d52cfd4e2a90fe38058ce395,9,9,1,2026-08-04 04:04:54+00:00,2026-08-04 08:20:54+00:00
8cbe72f5ab4e4727bf050a46de27dcc9,325eb6177d5c349888d44023426e655,8,8,1,2026-08-04 04:36:54+00:00,2026-08-04 08:20:54+00:00
e265c973154c4f12bd38d5f15784eb80,3335b327006744177ae283ac1ea5aa5,7,7,1,2026-08-04 05:12:54+00:00,2026-08-04 08:20:54+00:00
ef7e002915c7430e80f7e98aaf28197c,1fbf37d461e2e4ef0bc9ebcfdc82b8d,6,6,1,2026-08-04 05:56:54+00:00,2026-08-04 08:20:54+00:00
f449dea9e0214372bef1db63752cf82a,37912fa2f91d84e7689a221d1c13741,5,5,1,2026-08-04 06:22:54+00:00,2026-08-04 08:20:54+00:00
efdaacb5cf0a4b7b8e096cee0e501b26,37a805b008d2a47e5839e6649841540,4,4,1,2026-08-04 06:51:54+00:00,2026-08-04 08:20:54+00:00
0012d0605a3849cdbbaa7e16246eba07,3ea51d120b94f466c93c0b3e0119ca2,3,3,1,2026-08-04 07:20:54+00:00,2026-08-04 08:20:54+00:00
974a46fec8f44bfeace559d8c1f454a0,385798b4db357403dbd448201c8b3ed,2,2,1,2026-08-04 08:03:54+00:00,2026-08-04 08:20:54+00:00
2e88d7a50aa543db8b5dad3826aeefaa,301bcdbdebc8242f79e9b67d754c18a,8,8,1,2026-08-27 14:28:08+00:00,2026-08-27 17:19:08+00:00
575952f092de472e8ec9a0e77e61903b,33812b5c221e84a7a814a1e456f0e61,7,7,1,2026-08-27 14:59:08+00:00,2026-08-27 17:19:08+00:00
bd187300fefe4959917f5113de44a870,1156cf07e7d4e40fdab52cea5b85a26,6,6,1,2026-08-27 15:08:08+00:00,2026-08-27 17:19:08+00:00
ccc2918865d04237a6725c4dccf864cf,174c317c88cbd45d68f45ab1dea987e,5,5,1,2026-08-27 15:41:08+00:00,2026-08-27 17:19:08+00:00
55f0bcc6e15549b688f170dd8e9bdf5c,1be88bce6d4024da68729a919e84d83,4,4,1,2026-08-27 16:12:08+00:00,2026-08-27 17:19:08+00:00
a6d0ea99b2854c08a0ae88858d5a3fd9,1f01ebb2d8afd4f6fa915197e41b364,3,3,1,2026-08-27 16:50:08+00:00,2026-08-27 17:19:08+00:00
10e321dc96324fe0bd97dd6aa49b9602,bc1q7a7675e934144b4396ab257d47c355,2,2,1,2026-08-27 17:13:08+00:00,2026-08-27 17:19:08+00:00
